frame_id,object_id,class,x1,y1,x2,y2,velocity_m_s
1,1,Car,531,299,565,322,0.000
1,2,Car,665,293,686,308,0.000
1,3,Car,120,309,153,327,0.000
2,1,Car,531,300,565,322,3.000
2,2,Car,666,294,686,309,6.708
3,1,Car,531,300,565,322,1.500
3,2,Car,665,294,686,309,3.000
4,1,Car,531,300,565,322,1.000
4,2,Car,666,294,686,308,1.414
5,1,Car,531,300,565,322,0.750
5,2,Car,666,294,687,309,2.121
6,1,Car,531,300,565,322,0.600
6,2,Car,666,293,688,308,1.800
7,1,Car,531,300,565,322,0.500
7,2,Car,667,293,688,308,2.000
8,1,Car,531,299,565,321,0.429
8,2,Car,667,291,689,307,2.499
9,1,Car,531,299,565,320,1.286
9,2,Car,667,290,688,306,3.264
10,1,Car,531,298,565,320,1.714
10,2,Car,667,290,688,305,3.833
11,1,Car,530,297,565,320,2.185
11,2,Car,667,290,688,305,3.264
12,1,Car,530,297,565,320,2.185
12,2,Car,667,290,687,304,3.881
13,1,Car,529,296,565,320,2.711
13,2,Car,668,290,687,304,3.030
14,1,Car,529,297,564,320,2.499
14,2,Car,667,290,688,305,2.571
15,1,Car,529,297,564,320,1.818
15,2,Car,667,290,688,305,1.355
15,12,Car,798,304,824,325,0.000
16,1,Car,529,297,564,320,1.545
16,2,Car,667,289,689,305,0.958
16,12,Car,801,305,826,326,16.155
17,1,Car,528,296,564,320,1.917
17,2,Car,666,290,689,305,0.000
17,12,Car,798,304,825,326,2.121
18,1,Car,529,297,563,320,1.286
18,2,Car,666,290,689,306,0.429
18,12,Car,801,303,829,326,8.000
19,1,Car,528,296,564,319,1.545
19,2,Car,667,290,689,305,0.958
19,12,Car,802,303,829,325,6.792
20,1,Car,528,295,564,319,1.212
20,2,Car,667,289,689,305,0.429
20,12,Car,803,303,831,326,7.200
21,1,Car,528,294,564,318,2.185
21,2,Car,668,289,690,305,1.355
21,12,Car,801,302,828,324,3.808
22,1,Car,528,293,564,317,3.030
22,2,Car,668,290,689,304,0.958
22,12,Car,799,302,827,324,2.143
23,1,Car,528,293,564,317,3.030
23,2,Car,667,290,689,305,0.429
23,12,Car,799,302,830,325,1.917
24,1,Car,528,293,564,317,2.571
24,2,Car,666,290,689,305,0.000
24,12,Car,801,302,832,325,4.474
24,25,Car,301,289,330,306,0.000
25,1,Car,528,293,563,318,2.607
25,12,Car,803,302,834,325,3.120
26,1,Car,528,294,563,319,0.958
26,12,Car,805,302,836,326,4.286
27,1,Car,528,294,563,318,0.958
27,12,Car,806,302,837,326,3.881
27,2,Car,666,290,689,305,0.333
28,1,Car,528,293,563,317,0.958
28,12,Car,804,302,835,324,4.286
28,2,Car,667,289,690,304,0.745
29,1,Car,528,292,564,317,0.429
29,2,Car,667,288,691,304,0.943
30,1,Car,528,291,564,317,0.857
30,2,Car,668,287,692,304,1.202
30,46,Car,98,299,149,324,0.000
31,1,Car,529,292,564,316,0.958
31,2,Car,668,287,693,303,1.886
31,46,Car,81,298,138,325,84.000
31,12,Car,805,298,838,322,6.009
32,1,Car,529,291,564,316,1.917
32,2,Car,669,287,693,303,2.603
32,46,Car,62,298,119,326,99.011
32,12,Car,804,297,838,320,5.467
33,1,Car,529,291,564,315,3.120
33,2,Car,669,286,694,303,3.333
33,46,Car,40,298,101,327,106.019
33,12,Car,806,296,839,319,5.657
34,1,Car,529,290,564,315,3.120
34,2,Car,669,286,694,302,4.556
34,46,Car,14,297,80,329,114.772
34,12,Car,806,296,840,319,5.000
34,52,Car,816,298,846,320,0.000
35,1,Car,529,290,563,314,2.607
35,2,Car,670,286,694,302,3.687
35,46,Car,0,297,64,332,109.859
35,12,Car,807,296,841,318,5.217
35,52,Car,816,298,845,319,4.243
36,1,Car,529,290,563,314,2.143
36,2,Car,670,286,694,302,3.090
36,46,Car,0,297,48,332,99.545
36,12,Car,807,295,843,318,5.518
37,1,Car,529,290,562,313,2.185
37,2,Car,670,286,695,302,2.499
37,12,Car,807,295,844,318,5.897
38,1,Car,529,289,563,314,2.185
38,2,Car,670,286,696,302,2.308
38,12,Car,808,295,845,318,5.231
39,1,Car,528,289,563,314,1.917
39,2,Car,670,285,696,302,2.143
39,12,Car,809,295,846,318,5.829
39,55,Car,183,292,228,317,0.000
40,1,Car,528,289,563,313,1.917
40,2,Car,670,284,697,302,2.143
40,12,Car,809,295,847,317,4.886
40,55,Car,171,291,218,317,66.068
41,1,Car,528,289,563,313,1.545
41,2,Car,670,285,697,303,1.714
41,12,Car,810,295,847,317,4.886
41,55,Car,157,291,205,318,73.500
42,1,Car,528,288,562,314,1.212
42,2,Car,670,285,697,303,1.286
42,12,Car,810,294,848,317,4.474
42,55,Car,140,290,191,319,80.000
43,1,Car,527,288,562,313,1.818
43,2,Car,670,285,697,303,1.286
43,12,Car,809,294,849,318,3.455
43,55,Car,122,289,177,320,84.000
44,1,Car,528,290,561,314,0.958
44,2,Car,670,286,696,304,0.958
44,12,Car,810,296,850,319,3.951
44,55,Car,103,291,159,322,89.432
45,1,Car,528,292,561,315,2.143
45,2,Car,671,288,696,304,1.767
45,12,Car,811,297,852,320,4.616
45,55,Car,82,292,141,323,94.048
46,1,Car,529,292,560,315,1.917
46,2,Car,671,288,697,306,3.120
46,12,Car,811,296,854,321,4.616
46,55,Car,58,292,120,325,99.916
46,63,Car,825,298,856,321,0.000
46,64,Car,321,290,343,303,0.000
47,1,Car,529,293,560,315,2.711
47,2,Car,670,288,698,307,3.881
47,12,Car,811,296,855,321,4.792
47,55,Car,31,292,98,327,111.528
47,63,Car,825,297,857,322,3.000
47,64,Car,317,290,341,304,18.248
48,1,Car,529,293,560,315,2.711
48,2,Car,670,288,698,308,3.455
48,12,Car,811,296,856,322,4.998
48,55,Car,6,292,78,329,119.254
48,63,Car,825,298,857,322,2.121
48,64,Car,315,290,338,304,16.568
49,1,Car,529,293,560,315,2.607
49,2,Car,670,288,699,307,3.120
49,12,Car,812,296,857,322,5.588
49,55,Car,0,292,62,331,115.442
49,63,Car,827,297,859,322,5.000
49,64,Car,311,290,335,303,18.000
50,1,Car,528,292,561,315,2.571
50,2,Car,670,288,698,307,3.030
50,63,Car,827,298,859,322,3.824
50,64,Car,308,290,331,303,18.750
50,69,Car,189,293,233,317,0.000
51,1,Car,528,293,561,315,1.714
51,2,Car,670,288,698,307,2.308
51,63,Car,828,298,859,321,3.600
51,64,Car,305,291,327,303,19.209
52,1,Car,528,293,560,315,0.606
52,2,Car,670,288,698,307,1.355
52,64,Car,301,290,324,303,19.500
52,12,Car,819,297,863,321,8.246
53,1,Car,529,294,559,315,0.958
53,2,Car,670,289,698,308,1.286
53,64,Car,298,292,321,305,19.362
53,12,Car,818,297,864,322,7.454
54,1,Car,529,294,560,316,0.857
54,2,Car,671,289,698,308,0.958
54,64,Car,293,293,318,306,20.257
54,12,Car,817,297,864,323,6.083
55,1,Car,529,296,559,316,1.767
55,2,Car,671,290,698,309,1.355
55,64,Car,290,293,314,307,21.157
55,12,Car,817,297,864,323,5.426
56,1,Car,529,297,559,316,2.185
56,2,Car,671,290,699,310,2.185
56,64,Car,285,294,310,308,22.195
56,12,Car,817,296,867,324,6.083
56,69,Car,199,299,230,316,4.301
57,1,Car,529,297,558,316,2.711
57,2,Car,671,290,698,310,2.185
57,64,Car,279,294,307,309,23.115
57,12,Car,818,296,868,323,6.342
57,69,Car,192,300,223,317,4.243
58,1,Car,529,298,558,317,3.120
58,2,Car,672,291,699,310,2.875
58,64,Car,274,294,302,310,24.380
58,12,Car,821,298,869,324,7.126
59,1,Car,528,297,558,316,2.308
59,2,Car,672,291,699,310,2.875
59,64,Car,268,294,297,310,26.143
59,12,Car,821,298,868,323,3.264
60,1,Car,529,297,558,316,1.767
60,2,Car,672,291,698,310,1.917
60,64,Car,263,294,292,310,27.592
60,12,Car,822,298,869,323,3.951
60,90,Car,0,298,81,330,0.000
61,1,Car,529,298,558,316,1.917
61,2,Car,673,292,698,310,2.308
61,64,Car,258,295,286,310,28.829
61,12,Car,824,299,871,324,6.136
61,95,Car,134,297,183,320,0.000
62,1,Car,529,298,558,316,0.958
62,2,Car,674,292,699,310,2.143
62,64,Car,252,294,280,310,30.905
62,95,Car,125,297,174,319,54.083
63,1,Car,529,298,559,316,0.429
63,2,Car,674,292,699,310,1.545
63,64,Car,246,295,274,310,32.169
63,12,Car,835,301,879,324,12.516
64,1,Car,529,298,559,316,0.606
64,2,Car,673,292,698,310,1.212
64,64,Car,238,294,268,310,34.288
64,103,Car,319,292,350,308,0.000
64,63,Car,832,298,869,323,3.350
65,1,Car,530,299,559,317,0.958
65,2,Car,673,292,699,311,0.958
65,64,Car,232,293,262,310,35.145
65,103,Car,317,293,347,308,15.297
65,63,Car,832,297,871,323,3.477
66,1,Car,530,299,559,317,1.818
66,2,Car,672,292,699,311,0.857
66,63,Car,832,296,874,323,3.789
67,1,Car,531,300,559,317,2.143
67,2,Car,672,293,699,312,1.767
67,63,Car,831,296,873,323,3.477
67,90,Car,23,304,88,329,13.034
67,64,Car,215,294,250,313,37.517
68,1,Car,531,301,559,317,2.143
68,2,Car,673,293,699,312,1.355
68,63,Car,832,297,875,324,3.331
68,108,Car,85,300,119,317,0.000
68,109,Car,828,298,856,323,0.000
68,90,Car,5,305,71,330,3.226
68,64,Car,207,296,243,315,39.462
68,12,Car,843,299,888,325,11.792
69,1,Car,531,301,559,318,2.499
69,2,Car,673,294,700,313,2.143
69,63,Car,833,297,878,324,3.951
69,108,Car,78,300,109,316,51.088
69,109,Car,829,299,858,323,9.487
69,90,Car,0,304,57,331,8.333
69,64,Car,199,296,236,316,40.959
70,1,Car,531,301,559,318,2.308
70,2,Car,673,294,700,313,2.143
70,63,Car,834,297,881,325,4.446
70,108,Car,68,300,99,316,55.520
71,1,Car,531,301,559,318,2.308
71,2,Car,673,294,701,313,2.499
71,63,Car,835,296,883,325,7.286
71,108,Car,60,301,90,316,54.000
71,64,Car,183,297,220,317,43.129
72,1,Car,531,302,559,318,1.767
72,2,Car,673,294,701,314,2.308
72,63,Car,835,296,885,326,7.336
72,108,Car,50,301,82,317,54.005
73,1,Car,531,302,559,318,1.767
73,2,Car,673,294,701,314,2.499
73,63,Car,837,297,887,326,7.902
73,108,Car,37,302,74,320,55.881
73,12,Car,848,298,894,325,10.527
74,1,Car,531,302,560,318,1.355
74,2,Car,674,294,703,315,3.090
74,63,Car,836,297,887,326,8.321
74,108,Car,25,303,65,323,57.177
75,1,Car,531,302,559,318,0.857
75,2,Car,674,294,704,315,3.090
75,63,Car,837,297,888,326,7.762
75,108,Car,15,303,54,323,57.986
75,109,Car,834,299,863,324,5.637
76,1,Car,531,302,559,318,0.429
76,2,Car,675,294,704,315,2.711
76,63,Car,838,297,890,327,7.398
76,108,Car,3,304,45,324,59.793
76,109,Car,838,299,870,325,9.070
77,1,Car,531,302,559,318,0.429
77,2,Car,675,295,704,315,2.875
77,63,Car,838,297,892,327,6.485
77,108,Car,0,304,38,325,55.566
78,1,Car,531,302,559,318,0.429
78,2,Car,676,295,704,315,2.875
78,63,Car,840,297,893,326,6.485
78,108,Car,0,304,32,326,50.877
78,95,Car,74,298,136,327,18.935
79,1,Car,531,302,559,318,0.000
79,2,Car,675,295,704,315,2.308
79,63,Car,841,297,894,326,6.443
79,95,Car,62,298,124,328,21.885
80,1,Car,531,302,559,318,0.000
80,2,Car,675,295,704,314,2.185
80,95,Car,42,298,105,328,26.880
81,1,Car,531,302,559,317,0.606
81,2,Car,676,295,704,314,1.286
81,95,Car,21,299,86,329,31.543
81,63,Car,843,297,896,327,5.637
82,1,Car,530,302,559,318,0.429
82,2,Car,676,295,705,314,1.286
82,95,Car,2,298,70,330,35.035
82,63,Car,843,297,898,327,6.760
83,1,Car,530,302,559,318,0.429
83,2,Car,677,295,705,314,1.286
83,95,Car,0,297,54,331,35.895
83,63,Car,848,297,902,327,9.382
84,1,Car,530,302,559,318,0.429
84,2,Car,677,295,706,314,1.767
84,63,Car,847,296,904,327,8.633
85,1,Car,530,302,559,318,0.429
85,2,Car,677,295,706,314,1.355
85,63,Car,847,296,905,328,8.250
86,1,Car,530,302,559,317,0.606
86,2,Car,677,295,706,315,1.714
86,63,Car,848,296,906,328,7.884
87,1,Car,530,302,559,317,0.606
87,2,Car,677,295,706,315,1.767
87,63,Car,849,296,907,328,7.884
87,12,Car,864,298,912,328,8.906
88,1,Car,529,302,559,317,0.857
88,2,Car,677,295,707,316,1.917
88,63,Car,849,296,908,329,7.726
88,12,Car,864,298,912,329,9.021
88,64,Car,76,298,125,324,38.334
89,1,Car,529,302,559,317,0.606
89,2,Car,675,295,706,316,0.857
89,63,Car,850,296,909,329,7.726
89,64,Car,59,298,110,325,40.504
90,1,Car,529,302,558,317,0.958
90,2,Car,675,295,706,317,1.355
90,63,Car,850,296,911,329,4.734
91,1,Car,529,302,559,317,0.606
91,2,Car,676,298,706,317,2.607
91,63,Car,851,297,913,330,5.829
92,1,Car,529,302,559,319,0.606
92,2,Car,677,299,708,319,3.951
92,63,Car,852,298,915,332,6.924
93,1,Car,528,303,560,320,1.767
93,2,Car,677,300,708,320,4.371
93,63,Car,854,299,917,333,8.052
94,1,Car,529,303,560,320,1.714
94,2,Car,678,301,708,321,5.301
94,63,Car,856,299,919,334,9.010
95,1,Car,529,304,560,320,2.185
95,2,Car,678,301,708,321,4.792
95,63,Car,858,300,920,333,9.631
96,2,Car,678,301,708,321,5.178
96,63,Car,859,300,921,333,9.631
97,2,Car,678,300,709,321,4.636
97,63,Car,860,300,923,334,10.187
97,1,Car,528,303,560,321,1.875
98,2,Car,678,299,709,320,2.744
98,63,Car,861,299,926,333,10.087
98,1,Car,528,303,560,320,1.546
99,2,Car,679,299,709,320,1.355
99,63,Car,861,297,928,333,9.429
99,1,Car,528,303,560,320,1.500
100,2,Car,679,299,710,320,1.767
100,63,Car,863,296,931,333,9.941
100,1,Car,528,302,559,319,0.375
101,2,Car,679,299,711,320,2.143
101,63,Car,865,296,933,332,10.087
102,2,Car,680,298,712,320,3.090
102,63,Car,867,295,935,332,10.602
102,147,Car,183,302,220,322,0.000
102,150,Car,270,300,295,314,0.000
103,2,Car,680,298,712,319,3.347
103,63,Car,868,295,936,331,10.714
103,150,Car,269,301,292,314,12.369
103,1,Car,529,302,558,319,0.671
104,2,Car,680,298,713,320,2.875
104,63,Car,868,295,938,332,10.304
104,150,Car,265,301,290,314,15.075
104,1,Car,528,302,558,319,1.082
105,2,Car,680,298,713,320,2.607
105,63,Car,870,294,941,332,10.602
105,150,Car,261,301,286,314,18.028
105,1,Car,528,301,558,318,1.749
106,2,Car,680,298,714,320,2.607
106,63,Car,871,294,943,333,10.791
106,150,Car,257,300,284,315,18.016
106,1,Car,528,301,558,318,1.795
106,147,Car,200,303,231,319,21.054
107,2,Car,680,297,714,320,2.308
107,63,Car,872,294,945,333,9.894
107,150,Car,253,301,280,315,19.237
107,1,Car,528,302,557,318,1.414
107,147,Car,192,303,222,319,6.708
108,2,Car,681,298,715,320,2.607
108,63,Car,874,295,946,333,9.429
108,150,Car,249,301,276,315,20.025
108,1,Car,528,302,557,318,1.414
108,147,Car,182,304,214,320,3.500
109,2,Car,681,298,715,321,1.767
109,63,Car,876,296,948,334,9.516
109,150,Car,245,301,273,317,20.216
109,1,Car,527,302,557,319,1.000
109,147,Car,169,304,203,321,13.293
110,2,Car,681,298,716,321,2.308
110,63,Car,879,297,951,335,11.436
110,150,Car,241,302,270,317,21.497
110,1,Car,526,301,557,319,1.767
111,2,Car,682,299,717,322,2.875
111,63,Car,882,297,953,335,12.612
111,150,Car,236,302,266,318,22.815
111,1,Car,526,301,557,319,1.355
112,2,Car,682,299,717,322,2.875
112,63,Car,884,298,955,335,12.369
112,150,Car,232,302,261,318,23.242
112,1,Car,526,301,557,319,1.355
113,2,Car,682,299,717,321,2.308
113,63,Car,886,298,957,335,12.692
113,150,Car,227,302,255,318,25.376
113,1,Car,526,301,557,319,1.355
114,2,Car,682,298,718,322,2.875
114,63,Car,887,298,959,335,12.692
114,150,Car,222,302,251,318,25.771
114,1,Car,526,301,557,319,0.857
115,2,Car,683,298,719,322,2.711
115,63,Car,888,298,959,335,11.768
115,150,Car,218,302,247,318,25.771
115,1,Car,526,301,557,319,0.857
116,2,Car,684,298,720,322,3.455
116,63,Car,889,297,960,335,10.749
116,150,Car,213,302,241,317,27.432
116,1,Car,526,301,557,319,0.606
116,171,Car,917,299,959,336,0.000
117,2,Car,685,299,721,322,3.951
117,63,Car,890,298,960,336,8.614
117,1,Car,526,301,556,319,0.429
117,171,Car,918,299,960,336,6.000
118,2,Car,686,299,721,322,3.429
118,63,Car,891,298,960,336,6.911
118,1,Car,526,301,555,319,0.857
118,171,Car,920,299,960,336,6.000
119,2,Car,686,299,722,322,3.857
119,63,Car,893,298,960,336,6.015
119,1,Car,526,301,555,318,0.958
119,171,Car,924,299,960,336,8.000
119,150,Car,198,302,226,317,29.000
120,2,Car,687,300,722,322,4.371
120,63,Car,894,298,960,337,4.792
120,1,Car,526,301,555,318,0.958
120,150,Car,193,302,221,316,29.341
121,2,Car,687,300,722,323,4.066
121,63,Car,894,298,960,337,3.534
121,1,Car,526,301,556,319,0.429
121,150,Car,186,302,215,317,30.668
122,2,Car,688,300,722,323,3.662
122,63,Car,895,298,960,338,3.662
122,1,Car,526,301,556,319,0.429
122,150,Car,178,302,209,318,31.667
123,2,Car,689,300,723,323,3.662
123,63,Car,897,298,960,338,3.833
123,1,Car,526,301,555,319,0.857
123,150,Car,170,302,204,319,33.002
124,2,Car,689,300,723,324,2.875
124,63,Car,898,299,960,339,3.833
124,1,Car,527,302,555,319,0.429
124,150,Car,161,302,197,321,35.681
125,2,Car,690,301,724,324,3.455
125,63,Car,900,299,960,339,4.221
125,1,Car,527,302,554,319,0.429
125,150,Car,153,302,190,321,37.024
126,2,Car,689,301,725,325,3.347
126,63,Car,902,299,960,340,4.412
126,1,Car,527,302,554,318,0.429
126,150,Car,145,303,182,321,41.627
127,2,Car,689,301,725,326,3.030
127,63,Car,903,299,960,340,4.221
127,1,Car,527,303,554,319,1.286
127,150,Car,138,303,176,322,42.962
128,2,Car,690,302,725,326,3.347
128,63,Car,905,299,960,341,5.178
128,1,Car,527,304,554,320,1.767
129,2,Car,690,302,725,326,3.030
129,63,Car,906,299,960,341,5.016
129,1,Car,527,304,554,320,1.767
130,2,Car,689,302,725,326,2.308
130,63,Car,908,298,960,341,4.886
130,1,Car,527,304,554,320,1.714
131,2,Car,689,301,725,326,1.545
131,63,Car,911,299,960,340,5.588
131,1,Car,526,304,553,319,1.545
132,2,Car,689,301,726,326,0.958
132,63,Car,914,299,960,340,6.015
132,1,Car,525,303,553,320,1.545
133,2,Car,690,301,727,326,1.355
133,63,Car,916,299,960,340,6.000
133,1,Car,525,303,553,320,1.818
134,2,Car,691,301,728,326,2.143
134,63,Car,918,301,960,340,6.485
134,1,Car,524,304,552,321,2.499
135,2,Car,690,301,729,327,1.714
135,63,Car,922,304,960,341,7.594
135,1,Car,524,304,552,321,2.185
136,2,Car,690,301,729,327,1.714
136,63,Car,924,304,960,341,8.006
136,1,Car,524,304,552,321,2.185
137,2,Car,690,301,729,328,2.185
137,63,Car,927,305,960,342,8.835
137,1,Car,524,305,551,321,2.711
138,2,Car,691,302,729,327,2.711
138,63,Car,930,307,960,342,9.202
138,1,Car,524,305,551,321,2.143
138,183,Car,0,303,63,331,0.000
139,2,Car,692,302,729,327,2.711
139,63,Car,932,307,960,342,8.825
139,1,Car,524,305,550,321,2.143
139,183,Car,0,303,54,331,27.000
140,2,Car,692,301,730,328,2.308
140,1,Car,523,304,550,320,2.185
141,2,Car,692,301,732,328,2.308
141,1,Car,522,304,549,320,2.185
141,184,Car,944,308,959,343,0.000
142,2,Car,693,301,732,329,2.711
142,1,Car,522,304,549,321,2.143
142,184,Car,946,309,960,344,10.817
143,2,Car,693,301,733,329,3.120
143,1,Car,522,305,548,321,2.607
144,2,Car,693,301,734,329,3.455
144,1,Car,521,305,547,321,3.000
145,2,Car,694,301,733,328,3.000
145,1,Car,521,305,547,321,3.000
146,2,Car,694,301,734,328,3.000
146,1,Car,521,305,547,321,2.571
147,2,Car,694,300,734,328,2.607
147,1,Car,520,305,547,321,2.711
148,2,Car,695,300,735,329,2.571
148,1,Car,520,305,547,321,1.917
149,2,Car,697,301,734,328,2.607
149,1,Car,521,305,547,321,1.355
150,2,Car,697,302,735,328,2.571
150,1,Car,521,305,547,321,0.857
151,2,Car,699,303,736,328,3.455
152,2,Car,699,303,737,329,4.066
153,2,Car,700,303,738,329,4.474
154,2,Car,700,303,739,330,5.178
154,1,Car,521,306,547,322,0.600
155,2,Car,701,303,738,329,4.066
156,2,Car,702,304,738,329,4.221
157,2,Car,702,305,740,331,4.998
158,2,Car,703,305,742,332,4.998
159,2,Car,705,306,743,332,5.750
160,2,Car,705,306,743,332,4.998
161,2,Car,705,306,744,332,4.792
162,2,Car,704,305,744,333,4.636
162,1,Car,521,310,547,325,1.588
163,2,Car,704,304,744,332,3.662
163,1,Car,521,310,547,325,1.588
164,2,Car,705,304,745,331,3.455
165,2,Car,706,303,746,330,3.455
166,2,Car,707,302,747,329,3.951
167,2,Car,707,302,748,329,4.243
167,1,Car,520,307,548,324,0.765
168,2,Car,709,302,751,330,5.370
168,1,Car,520,307,549,324,0.808
169,2,Car,710,302,752,331,6.371
169,1,Car,520,307,549,324,0.765
170,2,Car,711,302,754,331,7.398
170,1,Car,520,307,549,324,0.765
171,2,Car,710,302,753,331,5.637
171,1,Car,520,307,548,323,0.353
172,2,Car,711,302,753,331,5.143
172,1,Car,521,307,548,323,1.530
173,2,Car,711,303,754,331,4.886
173,1,Car,521,306,548,323,1.825
174,2,Car,712,301,755,330,5.143
174,1,Car,521,306,547,322,1.286
175,2,Car,712,301,755,330,3.030
175,1,Car,521,306,547,322,1.355
176,2,Car,713,301,756,330,3.120
176,1,Car,521,306,547,321,1.767
177,2,Car,715,301,758,330,3.534
177,1,Car,521,306,547,321,1.767
178,2,Car,715,302,759,331,4.714
178,1,Car,520,306,547,322,0.958
179,2,Car,716,303,759,331,4.734
179,1,Car,520,306,547,322,1.212
180,2,Car,716,303,759,332,4.307
180,1,Car,519,307,547,323,1.355
181,2,Car,716,303,760,332,4.221
181,1,Car,520,307,547,323,0.958
182,2,Car,716,302,761,332,4.474
182,1,Car,520,306,546,322,0.857
183,2,Car,716,302,762,332,4.066
183,1,Car,520,306,545,322,1.355
184,2,Car,717,302,763,333,3.455
184,1,Car,519,307,544,322,2.308
185,2,Car,718,303,764,334,3.833
185,1,Car,519,308,544,323,2.143
186,2,Car,719,303,765,334,4.066
186,1,Car,519,309,543,323,2.744
187,2,Car,719,303,766,334,4.371
187,1,Car,518,309,543,323,2.308
188,2,Car,719,303,765,334,3.534
188,1,Car,517,309,543,323,3.120
189,2,Car,719,303,765,334,3.264
189,1,Car,517,309,542,323,3.455
190,2,Car,720,303,765,334,3.264
190,1,Car,517,309,542,323,3.090
191,2,Car,720,303,766,335,2.875
191,1,Car,516,309,542,323,2.499
192,2,Car,720,303,766,334,1.714
192,1,Car,516,309,541,323,2.607
193,2,Car,722,303,767,333,2.185
194,2,Car,723,302,767,333,2.308
195,2,Car,722,301,769,333,3.264
196,2,Car,722,301,769,333,3.264
197,2,Car,721,300,770,333,3.090
197,1,Car,513,306,538,321,3.295
198,2,Car,722,301,770,334,2.875
198,1,Car,513,307,537,322,3.110
199,2,Car,723,302,771,334,3.455
199,1,Car,512,307,537,322,3.110
200,2,Car,725,301,772,334,3.455
200,1,Car,512,307,537,322,2.847
201,2,Car,727,302,774,334,4.734
201,1,Car,512,307,536,322,3.110
202,2,Car,729,302,775,334,5.637
202,1,Car,511,306,537,322,2.937
203,2,Car,730,303,777,335,7.068
203,1,Car,510,306,536,322,3.192
204,2,Car,730,303,776,335,6.776
204,1,Car,510,307,536,322,2.308
205,2,Car,729,304,776,336,5.969
205,1,Car,510,307,536,322,1.714
206,2,Car,732,304,778,336,7.068
206,1,Car,510,308,535,323,1.917
207,2,Car,733,304,779,335,6.653
207,1,Car,509,308,535,323,2.308
208,2,Car,735,303,781,335,6.485
208,1,Car,509,308,534,323,2.308
209,2,Car,735,303,781,334,5.161
209,1,Car,509,308,534,322,2.308
210,2,Car,737,303,784,335,6.000
210,1,Car,509,307,534,322,1.355
211,2,Car,735,302,783,335,5.161
211,1,Car,509,307,534,322,1.286
212,2,Car,734,302,784,336,5.637
212,1,Car,509,308,533,322,1.767
213,2,Car,733,302,783,336,2.711
213,1,Car,509,308,532,322,1.767
214,2,Car,734,302,785,337,3.000
215,2,Car,734,302,786,337,1.767
216,2,Car,736,302,787,336,3.030
217,2,Car,737,301,788,336,1.767
218,2,Car,743,301,792,335,7.298
218,1,Car,507,307,531,321,1.830
219,2,Car,746,301,794,335,9.467
219,1,Car,507,307,530,321,1.830
220,2,Car,748,300,796,335,12.069
220,1,Car,507,307,531,321,1.469
221,2,Car,748,301,795,334,10.428
221,1,Car,507,307,531,321,1.391
222,2,Car,747,301,794,335,9.091
222,1,Car,508,307,532,321,0.862
222,218,Car,0,313,58,338,0.000
223,2,Car,746,301,794,335,7.336
223,1,Car,508,307,532,321,0.771
224,2,Car,753,301,800,335,12.008
224,1,Car,508,306,533,321,0.818
225,2,Car,749,300,798,335,5.161
226,2,Car,748,300,798,336,2.571
226,228,Car,131,314,171,332,0.000
227,2,Car,748,299,799,335,1.355
227,228,Car,120,312,162,332,60.299
228,2,Car,749,298,802,335,3.534
228,228,Car,107,311,149,331,69.260
229,2,Car,750,298,803,335,5.301
229,228,Car,93,310,138,331,71.176
229,231,Car,182,309,224,327,0.000
230,2,Car,751,297,805,334,7.184
230,228,Car,78,310,125,332,74.311
230,231,Car,172,308,217,327,51.088
231,2,Car,752,297,806,335,2.744
231,228,Car,62,309,113,332,76.259
231,231,Car,161,307,209,327,54.083
232,2,Car,753,297,808,335,6.136
232,228,Car,45,309,98,333,79.525
232,231,Car,150,307,199,327,57.035
233,2,Car,756,299,811,336,9.010
233,228,Car,27,309,83,335,82.290
233,231,Car,137,308,187,329,61.505
234,2,Car,757,300,811,337,9.091
234,231,Car,124,309,176,331,63.645
234,218,Car,0,310,69,338,2.850
235,2,Car,757,300,812,338,8.006
235,231,Car,109,309,163,332,67.047
235,228,Car,0,309,54,337,85.503
236,2,Car,757,299,813,337,7.398
236,231,Car,93,308,150,333,69.890
236,228,Car,0,309,41,337,80.639
237,2,Car,757,298,814,336,6.556
237,231,Car,77,308,136,333,75.472
238,2,Car,758,297,815,336,6.443
238,231,Car,61,308,123,334,79.788
239,2,Car,759,297,816,336,6.015
239,231,Car,41,307,106,334,86.623
240,2,Car,762,297,820,337,6.443
240,231,Car,18,307,87,335,93.882
241,2,Car,769,297,826,337,11.643
241,218,Car,0,308,70,337,2.118
242,2,Car,771,298,828,338,12.886
242,218,Car,0,308,59,337,0.912
243,2,Car,775,298,830,338,15.000
244,2,Car,775,298,830,339,14.628
245,2,Car,770,300,826,340,10.304
246,2,Car,769,300,826,341,9.232
247,2,Car,775,300,831,341,10.714
248,2,Car,773,300,830,341,4.556
249,2,Car,780,301,835,341,7.323
250,2,Car,782,301,838,342,7.094
251,2,Car,779,300,836,341,4.616
252,2,Car,785,301,840,342,12.495
253,2,Car,789,301,843,342,15.880
254,2,Car,787,301,842,343,9.941
255,2,Car,783,301,840,343,8.667
256,2,Car,782,300,839,342,2.571
257,2,Car,782,300,840,342,0.958
258,2,Car,782,299,842,342,3.857
259,2,Car,783,298,844,342,1.545
260,2,Car,784,298,847,342,1.355
261,2,Car,785,298,848,342,2.424
262,2,Car,785,298,849,342,5.016
263,2,Car,786,298,852,342,7.336
264,2,Car,788,298,854,342,8.614
265,2,Car,790,298,856,342,9.438
266,2,Car,790,297,859,343,9.429
267,2,Car,792,298,862,344,9.894
268,2,Car,792,298,864,345,9.941
269,2,Car,793,298,866,345,10.791
270,2,Car,795,298,868,345,10.791
271,2,Car,796,298,871,346,10.851
272,2,Car,798,298,873,346,10.851
273,2,Car,800,298,876,346,11.698
274,2,Car,802,298,878,346,11.176
275,2,Car,804,298,880,346,12.008
276,2,Car,805,298,881,346,11.579
277,2,Car,806,298,883,346,11.151
278,2,Car,807,298,885,347,10.723
278,247,Car,196,306,232,322,0.000
279,2,Car,808,299,887,348,10.366
279,247,Car,187,305,225,323,48.000
280,2,Car,809,300,889,349,9.669
280,247,Car,174,305,216,324,57.020
281,2,Car,809,300,891,351,9.081
281,247,Car,161,306,206,326,61.131
282,2,Car,811,301,893,352,9.399
282,247,Car,150,306,195,327,62.363
283,2,Car,812,301,895,353,9.968
283,247,Car,137,306,185,328,63.702
284,2,Car,813,301,896,353,9.583
284,247,Car,121,305,172,329,67.567
285,2,Car,814,300,898,352,9.081
285,247,Car,107,305,159,328,69.462
286,2,Car,816,300,901,352,9.669
286,247,Car,88,303,145,328,76.725
287,2,Car,817,300,903,353,9.583
287,247,Car,70,301,131,328,81.000
288,2,Car,818,300,905,354,9.941
288,247,Car,52,302,116,330,85.286
289,2,Car,819,301,907,356,9.583
289,247,Car,30,304,98,332,93.009
290,2,Car,820,302,909,356,9.583
290,247,Car,7,304,78,334,101.586
291,2,Car,822,302,911,356,10.428
292,2,Car,824,301,913,355,10.851
293,2,Car,826,299,916,353,10.714
294,2,Car,827,298,918,353,10.749
295,2,Car,830,297,921,352,12.190
296,2,Car,832,296,923,350,13.293
297,2,Car,834,295,924,349,13.801
298,2,Car,836,295,927,348,14.375
299,2,Car,838,295,930,349,14.246
300,2,Car,839,294,933,350,13.306
301,2,Car,842,295,936,350,14.375
302,2,Car,843,294,939,350,13.457
303,2,Car,844,292,942,350,13.396
304,2,Car,846,291,945,349,14.246
305,2,Car,847,291,948,349,13.774
306,2,Car,849,291,950,349,13.396
307,2,Car,851,290,953,349,13.881
308,2,Car,853,289,956,350,13.532
309,2,Car,854,289,957,349,12.692
310,2,Car,855,289,960,350,12.495
311,2,Car,857,289,960,351,11.143
312,2,Car,858,289,960,351,9.857
313,2,Car,858,289,960,352,8.154
314,2,Car,860,289,960,351,6.871
315,2,Car,861,289,960,352,5.214
316,2,Car,863,289,960,352,5.301
317,2,Car,864,289,960,353,4.066
318,2,Car,866,289,960,353,3.951
319,2,Car,867,288,960,353,3.881
320,2,Car,870,288,960,353,5.143
321,2,Car,871,287,960,353,4.714
322,2,Car,873,287,960,352,5.214
323,2,Car,875,287,960,352,5.214
324,2,Car,878,287,960,353,6.061
325,2,Car,880,287,960,354,6.015
326,2,Car,882,287,960,355,6.443
327,2,Car,884,289,960,357,6.371
328,2,Car,887,289,960,357,7.323
329,2,Car,890,289,960,357,7.879
330,2,Car,892,288,960,355,7.485
331,2,Car,895,287,960,354,7.298
332,2,Car,898,287,960,353,7.726
333,2,Car,900,287,960,354,7.726
334,2,Car,904,289,960,354,8.667
335,2,Car,908,291,960,355,9.000
336,2,Car,910,293,960,357,8.741
351,257,Car,0,306,54,336,0.000
383,260,Car,49,305,116,334,0.000
384,260,Car,29,305,99,335,111.041
385,260,Car,7,305,79,336,118.538
386,260,Car,0,305,63,336,102.020
387,260,Car,0,303,51,336,85.500
447,274,Car,35,307,90,331,0.000
448,274,Car,17,306,76,332,96.000
449,274,Car,0,305,62,333,94.500
450,274,Car,0,306,49,333,76.007
544,311,Car,103,312,141,329,0.000
545,311,Car,91,312,131,329,66.000
551,316,Car,1,310,57,334,0.000
552,316,Car,0,308,48,333,31.321
615,327,Car,163,306,220,327,0.000
616,327,Car,152,306,208,327,69.000
617,327,Car,141,306,197,326,67.517
618,327,Car,129,307,185,327,69.007
619,327,Car,112,306,173,328,73.504
623,339,Car,223,304,262,321,0.000
623,327,Car,93,308,143,326,55.126
624,339,Car,215,304,254,321,48.000
624,327,Car,84,308,132,326,55.668
625,339,Car,201,304,241,321,64.500
625,327,Car,71,307,122,326,57.000
626,339,Car,187,303,229,321,69.007
626,327,Car,56,307,108,326,58.800
627,339,Car,171,302,217,322,72.754
627,327,Car,41,307,94,327,60.903
628,339,Car,155,303,203,323,76.202
628,327,Car,22,307,78,329,64.203
629,339,Car,138,304,189,325,79.025
629,327,Car,6,308,62,330,65.111
630,339,Car,115,305,172,328,84.926
630,327,Car,0,309,50,332,79.771
631,339,Car,89,305,154,331,96.972
632,339,Car,64,305,132,332,105.554
633,339,Car,34,304,108,333,117.561
634,339,Car,6,303,85,334,127.408
